email,password
68743bcc15154373b2a512f378c3bf63@163.com,123456
451f516a44f349b4a98619ef3a97f3ae@163.com,123456
42fb7d00fc5b4c3c95345a9e4ac957f2@163.com,123456
baa28b387020473784109acab0c6bbc4@163.com,123456
1a1a0b0a8e4c48fda08dfb243c851dde@qq.com,123456
56f35126d6aa45828763c7aaf1b6886b@163.com,123456
9b1ecc4d0528461d92a5d0686ea06c78@qq.com,123456
94da4f0d2ab844a3895d0410cecb2bef@qq.com,123456
de1f52a44a2b4f7183dfd0c030daea46@qq.com,123456
ae55bdba16de43a6bc7819402ed5b51e@163.com,123456
1d5da684b42845b3bd33340d1f865810@qq.com,123456
64df9082b9e449778e856ceb2ed301f8@163.com,123456
59f537b495a2431081da57360e39f63d@qq.com,123456
6f21f8a87ff74c89ae8de360d3484c68@163.com,123456
39c853876c784b8f8fd02084ecef915e@163.com,123456
b59b86bc73d94bdba061e6f41aae6631@qq.com,123456
02d11feca4234362b2ef73cd433fa336@qq.com,123456
75af0a8c3786488385d5e6236cfadafe@qq.com,123456
c07d7ec0c5fa4dad9bf4770515ed7b69@163.com,123456
e67ac0974fb74f16b3d6a9b1c030bb74@163.com,123456
c4289552830b40a9841f3112c844fb06@qq.com,123456
cf9b57f2ea9b413885b8b167e0ec82ab@qq.com,123456
a7aec330df2f4fee905040744524b149@163.com,123456
c8a4e1c405be4c209cf819a271762e97@163.com,123456
c672973e6aff46c8b4abdfad0884b3e8@qq.com,123456
65eb934dc7ad4f8597bfe97f984933fe@qq.com,123456
b6912c9568b64a90b4a1b802be26ab62@qq.com,123456
8a25e42b72c240e3a01b3607c2c7e5b7@qq.com,123456
33df38c2f40647268eb8cfd2a043bac9@qq.com,123456
af89a7c9fc7d49e785f3dd19c0c91762@163.com,123456
a34de5e2720c4ce087bc0c6f19ee885e@163.com,123456
a683350b19fb42fa97249ddc93269f06@qq.com,123456
50cfb3e049ee414880eab1a4f2fd83da@163.com,123456
54c61759fb1c4be7ae558abef38980d3@163.com,123456
ada1114f1edb47ac8d823270951eccd1@qq.com,123456
3c514fea318448ab9dabb68ca7943c29@qq.com,123456
93b39a2bb77347259b5d4b7c13546665@163.com,123456
3f98895901924fe9bcc0e7d270e5bde1@163.com,123456
00a5638fc4864339849ff0edf96fce3a@163.com,123456
af130a456ccc4d5e8c0b5d9ce7d3b3dd@qq.com,123456
524d3827d8384064b0b961462a9dd338@163.com,123456
ba2926872f9742649bd20df667b0bf7b@qq.com,123456
62ee770a97ad4d5993a7af64fbdf7d44@163.com,123456
50bd9737dbac45ffbb41d404eed19444@qq.com,123456
fc319bbe9e2f4a7e8fb46f34e37f7634@163.com,123456
54051c5f672045d48217bb5c1e7fad71@163.com,123456
b325e9294e454491a255b3a44505c314@163.com,123456
b0fd3120a8624b03b4ae7d936b3f666b@163.com,123456
c7f04eda922448008b4be11c9f2164a1@qq.com,123456
030828b405d84667a88f6354489f78ba@163.com,123456
7f1df0e015204629a68e5f0969f5c734@qq.com,123456
7eeae5c8874946389bec4f028c8f7fdd@qq.com,123456
b9035ea614b04775bff16661fac67fbf@qq.com,123456
177af9ce0762428caa750f4f4180129c@qq.com,123456
746c0de54e4a4868b1967661b6d737c7@163.com,123456
4bf07f63483742e7935c1a61bbc4d692@163.com,123456
fc91daa2d17145b2ab67995dcdfff691@qq.com,123456
f92a091b5a224db1a9c88ecc60123db2@qq.com,123456
e84cd4d11a324547aace62aba2186fb3@163.com,123456
6ea73e63a2ce43dba0b9723ad0f66271@163.com,123456
a1279403f8bb4782a5b75b4d067c88b3@163.com,123456
be1411c19b3f446386175f20826333cf@163.com,123456
9d3d69a6be004426bdf960fdd331c2b6@qq.com,123456
e637ce3510e349bcb07e11877990486b@qq.com,123456
ca7f727d5eb941a7ad3c417c79ce76c0@qq.com,123456
db2b17a32853439784447c7b394efff7@qq.com,123456
67aded37740b4955a7d186790099e305@qq.com,123456
92d5a8e7dfbe4ab781a31a9be277a716@163.com,123456
df9db260d4564892970976f246bc5d23@qq.com,123456
39910293ea4248f1af214f4cd766042b@qq.com,123456
7290768d11d04a289571295d345db6df@qq.com,123456
33f38b36f5e94f6cb2b6de1553576454@qq.com,123456
f7731a50c26a462bb1150f5779d0ee97@qq.com,123456
ee7c0d478f8b486893da9582e5af467f@qq.com,123456
b45629152e214713b9fd2bce9a7c9cce@qq.com,123456
9cedc90b624a465ba91c4dc67ab0403b@163.com,123456
70fb17324b9f4f20b2797cdc8b3e540f@163.com,123456
ce2724897aae4f0994cd5e918a7b6236@qq.com,123456
8d5df09b0bc4485eabed03316fbc9d83@qq.com,123456
4280907e15fb4acfaf3497c0630352c4@163.com,123456
8becc7fd6e9142a9a5bc3ad697ad27c7@qq.com,123456
ac2f01d631994825b02f5fd5b1250879@163.com,123456
3325113dad8343cc811032539320d6c7@163.com,123456
2f4013f688b8471a8f3f570b5b922a80@163.com,123456
a9fd9e6ebefd45a6b7a7b01be271c36c@163.com,123456
aafbfd20f6f040b1a41b2aa009f0e1ef@qq.com,123456
3b6934319601453fa53ae5f59731c805@qq.com,123456
f1fcb5569a74463aa3ee3f3d81eae044@163.com,123456
61170ae6b6164064b79444731bd3454d@qq.com,123456
bb9ca087831f4e94aa81bbc376b97148@qq.com,123456
f82b1c3a75c54f7d93d48f33cfb5f2a5@qq.com,123456
6aa01e74a60f4f22baef2b05678169e1@163.com,123456
bf4bcca10a154e59ac43ed886024183e@163.com,123456
34784e43168842f69ab84c180e52ca4e@qq.com,123456
fd7949c3575244a08562a15758c8150a@qq.com,123456
d44574fd0a734118923652c41d1ce0c0@qq.com,123456
d271c54eae824d838d52c3da5b7f7983@qq.com,123456
6ac8bdef6d9c49b99788fffa095e37e0@qq.com,123456
78b65996d2ae4cf0a66c52d502eecd90@163.com,123456
4e2ea29856bb41588ad348700a005d08@qq.com,123456
cd27abff85fa411d9eaebab50d0bdd42@163.com,123456
6ba283974041489d97ac67f37f5683f4@qq.com,123456
2181869f39bd4221b1fac129af2f259d@qq.com,123456
504065766a174897a50342e41e784432@163.com,123456
4c3348e88da749ec9e3df9729d109a80@qq.com,123456
3a8a6ba8f6fa4c089d75f1b0b009878e@163.com,123456
b2e8ce58f2fe453d84baec14aab1cf66@qq.com,123456
71297fe54f8346adb8d2a3f104d22a65@163.com,123456
1925da3b01ac4477af636465cc3c7bf7@qq.com,123456
ff0b6ef949c84aea8ea6e270a533f9c0@qq.com,123456
607140f235b840dd8d1f7f1276f7bfff@163.com,123456
af1b8e50ef0f46d19f8104ab16a21337@163.com,123456
b208efd38592422faf2f06b89bde30d1@qq.com,123456
9770f55cfcdb49d7bbb4f6e466c59e1e@qq.com,123456
1daae69666b34b4da3f9cd2f82edef7b@163.com,123456
22053619cd6247d193a6b5e0c2a3c495@163.com,123456
955610c4af5c4cffbeb5af63d6424ae1@qq.com,123456
828646ea70a94f72b3edb326bade80b1@163.com,123456
73579c0897c24fbb890af79c5f129d45@163.com,123456
ec8b81e49a5c44d68119902af0e49936@163.com,123456
6fecdb2db0ac47fe8fe94500987d757b@qq.com,123456
85bb60625f5145d2b24d8d954542b048@163.com,123456
bfc163c03c1f40bda9656a8012b09d59@qq.com,123456
c0d0f3dc2375405e83def16e5dec5c3a@163.com,123456
3535ae981d124384b48c22e4fcc52d5b@qq.com,123456
55917ccf37f6494f90c199e09911d99b@qq.com,123456
0246df59fcbe4004abd2ad43a6e3c89b@qq.com,123456
5294d211c1024de397f41346a38f162d@163.com,123456
87c47d792b2c4abe87a14417db7eac0d@qq.com,123456
411a94f967ee47098deb31a9c43919cd@163.com,123456
c216a79ecd054dcba711ec113b06de06@163.com,123456
5ddd2ee10a84437e8c2f82fb723b89bc@163.com,123456
fc5212c1cc8246bfb78374b6197b175a@qq.com,123456
7e5ae4b85f1f44bd8ccef48e72f23194@163.com,123456
da3da504581f451b96adff24830c7778@qq.com,123456
2cf66cf8d3b54f26b54a8fe445840b84@qq.com,123456
2fe9d59cddff4f4e94cfda126888a66e@qq.com,123456
3226181854f34eea8cc351a0901a1729@163.com,123456
a782ec327ee841ae93bcc0836ffd439e@163.com,123456
43d9ea2ec0aa4eb098fcd16fcf924828@163.com,123456
00dc8e5b52bf44359b49e32f9f42ffde@qq.com,123456
a8883a37201c4da282c61ba312703969@163.com,123456
3a27092be013408b9ad39476275ac0ed@qq.com,123456
e717594a1e1f4e01a1d3d703f5f44ef2@qq.com,123456
9ffbc1988f6143a98d8174586e0f603d@qq.com,123456
13e9b90b49924bae9bcf2cf27494077c@qq.com,123456
44a11ebfac214050a8b7652a2ea62765@163.com,123456
f2ff3d39d3dc4727869322f14ad396ab@qq.com,123456
a36a144ff9804dd0af8e916c28e30015@163.com,123456
b6e1e45ef56c416dbbc69f6765641528@163.com,123456
6ff07119db904eac985cd0f09e993846@qq.com,123456
cc68b7c0d0584a7d998205feb333298a@163.com,123456
532d557a30d94486bf68dd3e0b4aada7@163.com,123456
0ca331e591494f7baf996934761b746e@163.com,123456
d30a35e8c5764a0e92361c1edc6612a6@qq.com,123456
5e974204d23f407d91ec29bd9c8d96ba@qq.com,123456
ed310b9214a3478f910514ec2159062a@163.com,123456
a2e5eac862c0470799807aaa5a540dd6@qq.com,123456
f907da48cd444be7a129e19a8dc90bf4@163.com,123456
df9171de6429432fbeed7e5da5bfff9d@qq.com,123456
c8657e3f8cf947a6b8bc5faf4ffa4412@163.com,123456
2b4deee0f3f74ff6aa9328361bff7b35@163.com,123456
23c0b76d64064da9b87c333459224146@qq.com,123456
